{"model":"bert-eager","text_type":"docs","grad":false,"batch_size":2048.0,"num_batches":5.0,"time":5.2438397827,"mem":13504573440.0,"num_texts":10240.0,"num_texts_per_sec":1952.7675185184,"kb \/ text":1287.896484375}
{"model":"bert-eager","text_type":"queries","grad":false,"batch_size":2048.0,"num_batches":5.0,"time":0.4264892807,"mem":1109000192.0,"num_texts":10240.0,"num_texts_per_sec":24009.9821106326,"kb \/ text":105.7625}
{"model":"distil-bert-eager","text_type":"docs","grad":false,"batch_size":2048.0,"num_batches":5.0,"time":2.7383140564,"mem":13500553216.0,"num_texts":10240.0,"num_texts_per_sec":3739.5272379661,"kb \/ text":1287.5130859375}
{"model":"distil-bert-eager","text_type":"queries","grad":false,"batch_size":2048.0,"num_batches":5.0,"time":0.2175489616,"mem":1108344832.0,"num_texts":10240.0,"num_texts_per_sec":47069.863826669,"kb \/ text":105.7}
{"model":"funnel-transformer","text_type":"docs","grad":false,"batch_size":1024.0,"num_batches":10.0,"time":7.9802171021,"mem":17134274048.0,"num_texts":10240.0,"num_texts_per_sec":1283.1731103366,"kb \/ text":1634.0517089844}
{"model":"funnel-transformer","text_type":"queries","grad":false,"batch_size":2048.0,"num_batches":5.0,"time":0.7220794525,"mem":1916725248.0,"num_texts":10240.0,"num_texts_per_sec":14181.2649069837,"kb \/ text":182.7931640625}
{"model":"tite-2-late-absolute-eager","text_type":"docs","grad":false,"batch_size":2048.0,"num_batches":5.0,"time":1.5260438843,"mem":13537145856.0,"num_texts":10240.0,"num_texts_per_sec":6710.1608974038,"kb \/ text":1291.0028320312}
{"model":"tite-2-late-absolute-eager","text_type":"queries","grad":false,"batch_size":2048.0,"num_batches":5.0,"time":0.1467333755,"mem":817796608.0,"num_texts":10240.0,"num_texts_per_sec":69786.440621741,"kb \/ text":77.9911621094}
{"model":"bert-sdpa","text_type":"docs","grad":false,"batch_size":2048.0,"num_batches":5.0,"time":3.2048364258,"mem":9839529984.0,"num_texts":10240.0,"num_texts_per_sec":3195.1708728797,"kb \/ text":938.370703125}
{"model":"bert-sdpa","text_type":"queries","grad":false,"batch_size":2048.0,"num_batches":5.0,"time":0.3542366104,"mem":1113063424.0,"num_texts":10240.0,"num_texts_per_sec":28907.2323385009,"kb \/ text":106.15}
{"model":"distil-bert-sdpa","text_type":"docs","grad":false,"batch_size":2048.0,"num_batches":5.0,"time":1.6086707458,"mem":9834598400.0,"num_texts":10240.0,"num_texts_per_sec":6365.5039581091,"kb \/ text":937.900390625}
{"model":"distil-bert-sdpa","text_type":"queries","grad":false,"batch_size":2048.0,"num_batches":5.0,"time":0.1767865562,"mem":1112539136.0,"num_texts":10240.0,"num_texts_per_sec":57922.9564598385,"kb \/ text":106.1}
{"model":"tite-2-late-absolute-spda","text_type":"docs","grad":false,"batch_size":2048.0,"num_batches":5.0,"time":0.76644104,"mem":5324387328.0,"num_texts":10240.0,"num_texts_per_sec":13360.4536618735,"kb \/ text":507.7731445313}
{"model":"tite-2-late-absolute-spda","text_type":"queries","grad":false,"batch_size":2048.0,"num_batches":5.0,"time":0.1261712646,"mem":616314368.0,"num_texts":10240.0,"num_texts_per_sec":81159.5257329999,"kb \/ text":58.7763183594}
{"model":"bert-flash","text_type":"docs","grad":false,"batch_size":2048.0,"num_batches":5.0,"time":1.1136355896,"mem":2538388480.0,"num_texts":10240.0,"num_texts_per_sec":9195.1084319078,"kb \/ text":242.0795898438}
{"model":"bert-flash","text_type":"queries","grad":false,"batch_size":2048.0,"num_batches":5.0,"time":0.2045864334,"mem":331038208.0,"num_texts":10240.0,"num_texts_per_sec":50052.1947095404,"kb \/ text":31.5702636719}
{"model":"bert-rope-flash","text_type":"docs","grad":false,"batch_size":2048.0,"num_batches":5.0,"time":1.176585968,"mem":2538333184.0,"num_texts":10240.0,"num_texts_per_sec":8703.146457928,"kb \/ text":242.0743164063}
{"model":"bert-rope-flash","text_type":"queries","grad":false,"batch_size":2048.0,"num_batches":5.0,"time":0.2132052193,"mem":331038208.0,"num_texts":10240.0,"num_texts_per_sec":48028.8429857334,"kb \/ text":31.5702636719}
{"model":"modern-bert","text_type":"docs","grad":false,"batch_size":2048.0,"num_batches":5.0,"time":1.2332388763,"mem":1961763328.0,"num_texts":10240.0,"num_texts_per_sec":8303.338628415,"kb \/ text":187.0883300781}
{"model":"modern-bert","text_type":"queries","grad":false,"batch_size":2048.0,"num_batches":5.0,"time":0.2489135094,"mem":259961856.0,"num_texts":10240.0,"num_texts_per_sec":41138.7876293369,"kb \/ text":24.7918945313}
{"model":"tite-2-late-rope-intra","text_type":"docs","grad":false,"batch_size":2048.0,"num_batches":5.0,"time":0.4912751694,"mem":2538175488.0,"num_texts":10240.0,"num_texts_per_sec":20843.7157796479,"kb \/ text":242.0592773438}
{"model":"tite-2-late-rope-intra","text_type":"queries","grad":false,"batch_size":2048.0,"num_batches":5.0,"time":0.1149975357,"mem":331038208.0,"num_texts":10240.0,"num_texts_per_sec":89045.3863830435,"kb \/ text":31.5702636719}
{"model":"tite-2-staggered-rope","text_type":"docs","grad":false,"batch_size":2048.0,"num_batches":5.0,"time":0.3594228516,"mem":2309291008.0,"num_texts":10240.0,"num_texts_per_sec":28490.1195221288,"kb \/ text":220.2311523438}
{"model":"tite-2-staggered-rope","text_type":"queries","grad":false,"batch_size":2048.0,"num_batches":5.0,"time":0.1066895351,"mem":301136896.0,"num_texts":10240.0,"num_texts_per_sec":95979.4227846972,"kb \/ text":28.7186523438}
{"model":"tite-3-late-rope","text_type":"docs","grad":false,"batch_size":2048.0,"num_batches":5.0,"time":0.7057396393,"mem":2538333184.0,"num_texts":10240.0,"num_texts_per_sec":14509.6001840206,"kb \/ text":242.0743164063}
{"model":"tite-3-late-rope","text_type":"queries","grad":false,"batch_size":2048.0,"num_batches":5.0,"time":0.1504243202,"mem":331038208.0,"num_texts":10240.0,"num_texts_per_sec":68074.0985563984,"kb \/ text":31.5702636719}
{"model":"tite-3-staggered-rope","text_type":"docs","grad":false,"batch_size":2048.0,"num_batches":5.0,"time":0.3321128387,"mem":2247762432.0,"num_texts":10240.0,"num_texts_per_sec":30832.8941413156,"kb \/ text":214.3633300781}
{"model":"tite-3-staggered-rope","text_type":"queries","grad":false,"batch_size":2048.0,"num_batches":5.0,"time":0.1082516804,"mem":301136896.0,"num_texts":10240.0,"num_texts_per_sec":94594.3745594335,"kb \/ text":28.7186523438}
{"model":"tite-2-late-rope-pre","text_type":"docs","grad":false,"batch_size":2048.0,"num_batches":5.0,"time":0.4824828491,"mem":2538175488.0,"num_texts":10240.0,"num_texts_per_sec":21223.5523369453,"kb \/ text":242.0592773438}
{"model":"tite-2-late-rope-pre","text_type":"queries","grad":false,"batch_size":2048.0,"num_batches":5.0,"time":0.1142837753,"mem":331038208.0,"num_texts":10240.0,"num_texts_per_sec":89601.5201673925,"kb \/ text":31.5702636719}
{"model":"tite-2-late-rope-post","text_type":"docs","grad":false,"batch_size":2048.0,"num_batches":5.0,"time":0.5052205734,"mem":2538388480.0,"num_texts":10240.0,"num_texts_per_sec":20268.3749210268,"kb \/ text":242.0795898438}
{"model":"tite-2-late-rope-post","text_type":"queries","grad":false,"batch_size":2048.0,"num_batches":5.0,"time":0.1150636463,"mem":331038208.0,"num_texts":10240.0,"num_texts_per_sec":88994.2247426334,"kb \/ text":31.5702636719}
{"model":"tite-2-late-rope-higher-dims","text_type":"docs","grad":false,"batch_size":2048.0,"num_batches":5.0,"time":0.6292535477,"mem":2767547904.0,"num_texts":10240.0,"num_texts_per_sec":16273.249531833,"kb \/ text":263.9339355469}
{"model":"tite-2-late-rope-higher-dims","text_type":"queries","grad":false,"batch_size":2048.0,"num_batches":5.0,"time":0.1460706234,"mem":352319488.0,"num_texts":10240.0,"num_texts_per_sec":70103.0759080907,"kb \/ text":33.5998046875}
